ClientID,SubAccount,BTCAddress,TransactionAmount,DiscountedAmount,NetTransactionValue,TransactionTime
3662360258,,3KG6xUpR8GJcLmbxKaYRmBk9t2hXcZNwuV,150.33499668000002,12.402637226100001,137.9323594539,637041
3662360779,,32AthCgBLUktEqfJCuvo8DS4RBQ9AhwND8,550.5264,45.418428,505.10797199999996,638646
